"DATA_YEAR","VICTIM_ID","CIRCUMSTANCES_ID","JUSTIFIABLE_FORCE_ID"
2020,142846426,9,
2020,146997503,1,
2020,147000421,10,
2020,147005132,10,
2020,142846130,17,
2020,142846019,1,
2020,147002579,10,
2020,147197665,1,
2020,147200770,3,
2020,139663828,9,
2020,142847077,10,
2020,142846326,9,
2020,142848172,1,
2020,142848217,9,
2020,146997292,9,
2020,147200948,1,
2020,147001767,10,
2020,142846302,1,
2020,147002299,10,
2020,147001694,6,
2020,137577403,1,
2020,137577241,9,
2020,137572400,6,
2020,135770930,6,
2020,142849268,10,
2020,146997406,6,
2020,147005331,9,
2020,147001229,10,
2020,147004480,4,
2020,147001201,1,
2020,147005401,1,
2020,147004838,10,
2020,147001213,10,
2020,148938663,9,
2020,142847030,1,
2020,148938597,10,
2020,137577141,9,
2020,134457622,1,
2020,139664437,10,
2020,139664649,1,
2020,135771101,1,
2020,136551592,10,
2020,136552060,1,
2020,136552081,10,
2020,142848154,10,
2020,142848482,1,
2020,142846140,10,
2020,146997265,10,
2020,142848611,10,
2020,149050923,1,
2020,147001452,9,
2020,142846204,1,
2020,149046924,10,
2020,147005396,10,
2020,142846043,1,
2020,142848171,1,
2020,147003283,1,
2020,142846212,10,
2020,147201158,9,
2020,142846348,1,
2020,137572746,10,
2020,137577427,6,
2020,136551297,1,
2020,137577153,1,
2020,137577389,10,
2020,135770955,1,
2020,147003341,10,
2020,147001241,10,
2020,147003599,10,
2020,147003515,10,
2020,147001681,10,
2020,147005439,1,
2020,147003036,9,
2020,147197687,10,
2020,147000538,10,
2020,148938897,3,
2020,136551433,10,
2020,139660216,1,
2020,148938608,1,
2020,148938676,10,
2020,139664671,9,
2020,137572440,1,
2020,137572458,10,
2020,134457106,9,
2020,139663719,6,
2020,139663839,10,
2020,135771173,10,
2020,135771310,1,
2020,135770460,10,
2020,136551730,1,
2020,136552017,10,
2020,142848343,6,
2020,142848364,9,
2020,147001117,10,
2020,147197838,10,
2020,142847076,1,
2020,149047160,1,
2020,147002380,10,
2020,142846084,1,
2020,142846075,1,
2020,147201206,9,
2020,147003266,1,
2020,147001914,10,
2020,148938655,9,
2020,137577444,10,
2020,137577055,1,
2020,139660466,10,
2020,142849109,10,
2020,142849031,10,
2020,147003195,1,
2020,147002123,10,
2020,147002478,9,
2020,147001098,10,
2020,147004484,9,
2020,147000859,1,
2020,147004212,10,
2020,147005441,10,
2020,147201065,9,
2020,147200690,1,
2020,147004605,1,
2020,147004674,1,
2020,148938894,3,
2020,139660210,1,
2020,148938600,10,
2020,139660529,9,
2020,137572797,10,
2020,139659964,9,
2020,134457674,10,
2020,139660248,10,
2020,139664116,1,
2020,135770979,1,
2020,135771235,9,
2020,135771306,1,
2020,139659952,10,
2020,136551714,1,
2020,148938520,10,
2020,147004562,1,
2020,147001394,2,
2020,142849066,1,
2020,142847024,10,
2020,147000828,1,
2020,147002096,10,
2020,142848775,10,
2020,147200861,1,
2020,142848289,10,
2020,142846781,4,
2020,142846164,1,
2020,146997854,10,
2020,147001598,10,
2020,147200944,1,
2020,147004688,9,
2020,147004687,9,
2020,147001860,9,
2020,147004136,1,
2020,137572781,1,
2020,137577007,9,
2020,137572754,2,
2020,139659552,10,
2020,147004916,10,
2020,147003654,10,
2020,147003653,10,
2020,147001585,1,
2020,146997604,10,
2020,148938551,10,
2020,148938689,10,
2020,136551434,10,
2020,139659409,1,
2020,139659555,10,
2020,139660714,10,
2020,139660692,10,
2020,137576958,1,
2020,139663759,1,
2020,139659663,10,
2020,134457330,1,
2020,139660412,5,
2020,139663806,1,
2020,139659660,1,
2020,135771258,1,
2020,136551589,9,
2020,147001614,10,
2020,149050956,9,
2020,147000798,10,
2020,147004268,6,
2020,142848158,10,
2020,142848508,1,
2020,142846008,10,
2020,142849046,1,
2020,142848286,10,
2020,142846775,10,
2020,142846032,10,
2020,142846755,9,
2020,142847244,10,
2020,142847071,10,
2020,149050744,10,
2020,142848874,6,
2020,142846200,6,
2020,142846738,9,
2020,147000275,10,
2020,142848808,1,
2020,142847044,1,
2020,147003973,1,
2020,147001507,10,
2020,147200981,1,
2020,147003884,10,
2020,147004903,6,
2020,147004470,1,
2020,147202908,10,
2020,147003901,10,
2020,148938502,10,
2020,146997885,10,
2020,142846300,1,
2020,142846556,9,
2020,139659576,9,
2020,137572779,9,
2020,137577066,10,
2020,139660748,10,
2020,134457040,10,
2020,134457114,1,
2020,139664161,1,
2020,136553831,10,
2020,147001705,6,
2020,147004856,1,
2020,142846155,1,
2020,142846430,9,
2020,147002352,1,
2020,147001344,10,
2020,146997326,10,
2020,142848409,1,
2020,142848323,1,
2020,142848166,10,
2020,142848164,10,
2020,147002041,1,
2020,147001324,1,
2020,147004343,1,
2020,147000366,10,
2020,147001244,10,
2020,147003733,10,
2020,147003739,10,
2020,149051258,6,
2020,136551431,10,
2020,139660570,1,
2020,142847172,10,
2020,134462961,6,
2020,139660519,9,
2020,139660632,10,
2020,139663748,1,
2020,137572381,1,
2020,137577333,6,
2020,137577333,1,
2020,137577353,10,
2020,137572594,1,
2020,137572861,1,
2020,137577271,6,
2020,134457471,1,
2020,135770461,10,
2020,136551603,10,
2020,136551712,1,
2020,136551927,10,
2020,136551981,10,
2020,136551992,1,
2020,136552101,1,
2020,136552116,10,
2020,147004418,10,
2020,142845969,1,
2020,142846063,1,
2020,142849064,1,
2020,146997268,9,
2020,142846050,1,
2020,142846651,10,
2020,142847183,1,
2020,142848350,10,
2020,147202972,6,
2020,147000893,10,
2020,137572532,1,
2020,146997407,6,
2020,147004845,10,
2020,147003806,10,
2020,147004158,10,
2020,147002109,9,
2020,147197623,10,
2020,147004930,1,
2020,142847118,9,
2020,135766633,8,
2020,139664660,9,
2020,139664060,1,
2020,139660581,1,
2020,137577004,1,
2020,137576953,1,
2020,139659474,6,
2020,137572812,9,
2020,147000286,10,
2020,134457030,10,
2020,134457071,1,
2020,139659365,1,
2020,136551471,10,
2020,136552207,1,
2020,136552243,10,
2020,148938467,9,
2020,147003577,9,
2020,147003821,1,
2020,147003938,1,
2020,147001318,10,
2020,147003795,10,
2020,142845988,10,
2020,147002570,10,
2020,142848221,10,
2020,147000844,1,
2020,142848144,10,
2020,147005073,6,
2020,142848218,9,
2020,142846060,1,
2020,147002005,9,
2020,147003259,9,
2020,147004686,9,
2020,148938926,10,
2020,137577279,1,
2020,137577151,9,
2020,139664181,1,
2020,142846695,1,
2020,146997312,9,
2020,147004493,2,
2020,147004690,2,
2020,147200883,6,
2020,147001799,1,
2020,147005002,10,
2020,146997504,6,
2020,139660525,9,
2020,137576943,10,
2020,139664626,1,
2020,137572767,10,
2020,139664080,10,
2020,136551602,10,
2020,136551823,1,
2020,147000392,10,
2020,142848139,10,
2020,142848141,10,
2020,142846384,9,
2020,142846658,9,
2020,142848846,1,
2020,142846364,10,
2020,142848849,10,
2020,147000553,10,
2020,147003523,1,
2020,147001740,9,
2020,137572481,8,
2020,135770709,1,
2020,139664678,10,
2020,147001242,10,
2020,142846899,10,
2020,147203050,1,
2020,147004844,10,
2020,146997285,10,
2020,147002185,10,
2020,147001753,1,
2020,148938895,3,
2020,147003054,1,
2020,149050797,9,
2020,139660637,10,
2020,139659464,1,
2020,139659753,6,
2020,137577236,10,
2020,142846225,1,
2020,134457777,9,
2020,139660472,1,
2020,136553616,1,
2020,135771222,1,
2020,136552071,1,
2020,147003891,1,
2020,142848626,10,
2020,142846813,1,
2020,147004190,1,
2020,147005174,1,
2020,149047184,2,
2020,142846056,10,
2020,142848615,10,
2020,142846189,1,
2020,139663848,10,
2020,139664575,10,
2020,147000395,1,
2020,146997873,10,
2020,147000684,1,
2020,147201204,10,
2020,137577341,2,
2020,135770748,1,
2020,139663986,1,
2020,142847222,10,
2020,147004481,9,
2020,147000947,10,
2020,147003400,1,
2020,147005282,10,
2020,146997376,9,
2020,147005233,10,
2020,147004428,10,
2020,147001897,9,
2020,142848247,6,
2020,139664017,9,
2020,139660402,10,
2020,139659345,1,
2020,139664471,10,
2020,137572483,9,
2020,139659662,10,
2020,139663908,10,
2020,142846503,9,
2020,139660419,5,
2020,135771171,10,
2020,136551528,8,
2020,136551352,1,
2020,136551803,1,
2020,147000895,6,
2020,147000937,10,
2020,147000343,10,
2020,142846979,10,
2020,142846934,10,
2020,142846789,1,
2020,147003253,10,
2020,142848584,1,
2020,147002405,1,
2020,147003957,9,
2020,149050874,3,
2020,142848201,10,
2020,147002296,10,
2020,137572469,10,
2020,137572807,1,
2020,137577135,9,
2020,139664570,10,
2020,142849132,1,
2020,147004059,10,
2020,147005061,10,
2020,147005471,1,
2020,147005329,10,
2020,147004483,4,
2020,147005438,1,
2020,146997267,1,
2020,147005219,10,
2020,147001497,10,
2020,147004132,1,
2020,147004628,10,
2020,146997454,1,
2020,142847225,1,
2020,139659532,9,
2020,137572374,1,
2020,137572629,10,
2020,147001128,9,
2020,134457042,10,
2020,134457211,9,
2020,134457538,10,
2020,134457675,10,
2020,147002075,10,
2020,142846985,10,
2020,142848776,10,
2020,142848865,10,
2020,147197664,1,
2020,142846171,10,
2020,142848504,1,
2020,147000564,1,
2020,147003348,9,
2020,147001352,1,
2020,142848317,10,
2020,142846475,10,
2020,147197475,10,
2020,135770928,10,
2020,139660549,1,
2020,147002206,10,
2020,147003508,9,
2020,147003740,10,
2020,147004958,10,
2020,148938506,10,
2020,142846215,1,
2020,142848367,10,
2020,142848938,10,
2020,139664453,10,
2020,148938941,2,
2020,139659791,9,
2020,139663780,1,
2020,139659478,10,
2020,134456968,10,
2020,134457037,1,
2020,134457173,1,
2020,134457189,10,
2020,139664731,1,
2020,135771082,1,
2020,139660144,1,
2020,147000796,10,
2020,142848337,6,
2020,142848857,1,
2020,147197545,10,
2020,139660555,1,
2020,142849071,10,
2020,142846971,10,
2020,149050740,10,
2020,147000880,1,
2020,142846482,4,
2020,142847127,10,
2020,142846041,1,
2020,147003505,10,
2020,142849153,10,
2020,147005270,1,
2020,147003389,10,
2020,147005281,10,
2020,147004292,10,
2020,147005370,1,
2020,148938508,6,
2020,149050895,1,
2020,142846900,10,
2020,139660817,1,
2020,139663733,6,
2020,139659448,1,
2020,139664411,6,
2020,137572540,9,
2020,134456985,1,
2020,134457043,10,
2020,134457158,1,
2020,134457252,10,
2020,134457830,10,
2020,139663725,1,
2020,136553810,10,
2020,139659949,10,
2020,136551634,10,
2020,147004308,10,
2020,147003794,10,
2020,147004564,1,
2020,147000374,10,
2020,147001336,10,
2020,147003403,2,
2020,142846533,1,
2020,149050741,10,
2020,142848296,10,
2020,142846208,10,
2020,147001913,10,
2020,147001751,10,
2020,148938805,10,
2020,146997344,10,
2020,137577438,10,
2020,137577295,10,
2020,142849152,10,
2020,142847043,1,
2020,147003463,1,
2020,147003783,1,
2020,147003637,1,
2020,147004478,10,
2020,147005261,6,
2020,147004575,10,
2020,147004671,9,
2020,147005007,1,
2020,147005234,10,
2020,147004911,9,
2020,139659437,10,
2020,139659711,10,
2020,137576933,9,
2020,139664131,1,
2020,135771181,1,
2020,147002267,9,
2020,142848306,1,
2020,142848282,1,
2020,139659499,1,
2020,142847221,10,
2020,142848345,1,
2020,142846181,1,
2020,147200970,1,
2020,142849202,10,
2020,146997568,10,
2020,147003257,9,
2020,147002092,1,
2020,147005235,9,
2020,148938711,10,
2020,147002495,9,
2020,137572503,1,
2020,146997888,10,
2020,147003206,10,
2020,147003501,10,
2020,147000702,10,
2020,147000304,4,
2020,147005079,10,
2020,147002355,10,
2020,146997427,1,
2020,139660746,10,
2020,139659666,9,
2020,139659480,10,
2020,139660421,5,
2020,139659632,1,
2020,139664486,1,
2020,136551585,9,
2020,136551752,10,
2020,147005001,10,
2020,147197456,1,
2020,142845987,10,
2020,142846226,10,
2020,142846139,10,
2020,147001291,1,
2020,147197771,1,
2020,142849159,10,
2020,149047123,9,
2020,142846502,10,
2020,142848472,10,
2020,147197758,1,
2020,146997881,10,
2020,147004301,9,
2020,147002297,10,
2020,147002486,10,
2020,142846921,10,
2020,147000365,9,
2020,147005435,9,
2020,147003519,10,
2020,147004360,6,
2020,146997279,1,
2020,147004914,10,
2020,147000716,1,
2020,147004585,6,
2020,147000975,1,
2020,147004961,1,
2020,139659902,1,
2020,139660783,1,
2020,148938587,9,
2020,139660005,10,
2020,137572790,10,
2020,137572479,6,
2020,137572796,10,
2020,134457470,1,
2020,134457761,1,
2020,147002163,10,
2020,142846234,10,
2020,142848612,10,
2020,147002569,10,
2020,142847026,10,
2020,147004898,10,
2020,147004017,1,
2020,147004948,10,
2020,142846257,10,
2020,142846887,10,
2020,147003613,1,
2020,142846642,1,
2020,147002548,2,
2020,147200942,1,
2020,147001677,1,
2020,147001119,6,
2020,147203051,10,
2020,137577382,10,
2020,137572390,6,
2020,136553786,1,
2020,135770929,10,
2020,139660240,10,
2020,147003727,10,
2020,147200692,10,
2020,147000920,1,
2020,147001134,1,
2020,147001136,1,
2020,147002044,9,
2020,147005037,1,
2020,147002504,6,
2020,147001896,9,
2020,146997687,10,
2020,147001003,1,
2020,134457683,10,
2020,139663841,10,
2020,135771081,1,
2020,136551702,1,
2020,136551922,10,
2020,136552008,1,
2020,136552186,9,
2020,147004490,1,
2020,149050866,1,
2020,142848475,9,
2020,147004336,10,
2020,147001448,10,
2020,142848954,10,
2020,147002535,10,
2020,142848586,1,
2020,142848333,1,
2020,142846481,10,
2020,137572507,10,
2020,139660662,1,
2020,142849094,10,
2020,142846908,10,
2020,142849020,10,
2020,147003531,1,
2020,147004851,1,
2020,147004842,10,
2020,147002487,10,
2020,146997600,10,
2020,148938900,3,
2020,139660727,1,
2020,139659885,1,
2020,139660703,8,
2020,147002076,10,
2020,136551601,1,
2020,147000675,10,
2020,147004313,10,
2020,147001395,1,
2020,147000648,1,
2020,142846966,1,
2020,149050743,10,
2020,149050739,10,
2020,142848971,1,
2020,147000313,10,
2020,137577306,10,
2020,135770713,1,
2020,147003819,1,
2020,147002125,10,
2020,147005041,10,
2020,147004216,10,
2020,146997282,10,
2020,148938649,10,
2020,148938890,3,
2020,149050729,9,
2020,142846776,10,
2020,142848937,10,
2020,139664603,10,
2020,139664510,10,
2020,139660864,9,
2020,139660688,1,
2020,139660316,6,
2020,147000744,10,
2020,134456847,9,
2020,134457100,2,
2020,134457717,10,
2020,134457718,10,
2020,139664470,10,
2020,136552076,10,
2020,136552192,6,
2020,149050806,10,
2020,147001321,10,
2020,147001890,1,
2020,142847258,6,
2020,142847031,1,
2020,147201210,9,
2020,147202916,1,
2020,147000486,9,
2020,139660399,1,
2020,147002456,9,
2020,142848165,10,
2020,142849155,1,
2020,142848294,10,
2020,142846495,10,
2020,142845990,6,
2020,142846905,10,
2020,146997544,10,
2020,146997298,10,
2020,142848230,1,
2020,147002298,10,
2020,137572467,10,
2020,137577050,9,
2020,139663738,1,
2020,139659401,1,
2020,147001021,1,
2020,147003509,9,
2020,147002056,1,
2020,147005450,1,
2020,147001178,10,
2020,146997457,1,
2020,148938501,10,
2020,148938659,9,
2020,139663926,1,
2020,142846910,1,
2020,148938601,10,
2020,139664641,1,
2020,139664692,10,
2020,137572547,10,
2020,137576955,9,
2020,137572460,10,
2020,139660252,1,
2020,139660138,1,
2020,139660774,10,
2020,135771287,6,
2020,135771303,10,
2020,136551762,1,
2020,148938466,9,
2020,147002461,10,
2020,147000659,1,
2020,147004629,6,
2020,142846646,10,
2020,142848370,10,
2020,142849195,10,
2020,142849133,10,
2020,142846338,1,
2020,142846865,1,
2020,142846961,10,
2020,149051093,9,
2020,142846011,3,
2020,146997546,10,
2020,147004984,10,
2020,137572421,10,
2020,135770881,10,
2020,147000928,10,
2020,147001258,6,
2020,147003518,10,
2020,147001297,1,
2020,147004110,10,
2020,147004630,10,
2020,142848935,10,
2020,148938639,3,
2020,139660685,4,
2020,139660861,9,
2020,137577036,1,
2020,137577127,10,
2020,134456962,6,
2020,134457291,10,
2020,134457676,10,
2020,139664572,1,
2020,135771218,10,
2020,136551636,10,
2020,136551394,1,
2020,142848318,1,
2020,146997308,10,
2020,142847022,10,
2020,147005227,10,
2020,149046869,3,
2020,142846768,1,
2020,142846349,1,
2020,142849286,1,
2020,147197636,1,
2020,146997550,9,
2020,147003247,6,
2020,147005445,9,
2020,147000921,1,
2020,147004506,9,
2020,137572466,6,
2020,137577018,10,
2020,139659363,10,
2020,139664431,10,
2020,142846750,1,
2020,147003204,10,
2020,147004601,1,
2020,147003885,10,
2020,147004382,1,
2020,147004210,9,
2020,147004968,1,
2020,146997283,10,
2020,147002993,10,
2020,136551316,10,
2020,142848474,10,
2020,139660658,1,
2020,139660962,10,
2020,137572491,1,
2020,137572675,10,
2020,139659385,1,
2020,147001127,9,
2020,139659339,1,
2020,136551456,1,
2020,136552244,10,
2020,142848349,10,
2020,142848222,10,
2020,147001851,10,
2020,147002344,10,
2020,147002599,10,
2020,147002580,10,
2020,142846875,9,
2020,142846940,1,
2020,142846058,2,
2020,142848242,10,
2020,142846092,10,
2020,147001110,10,
2020,147003052,10,
2020,146997405,9,
2020,147000887,1,
2020,137572534,1,
2020,135770666,1,
2020,147001848,1,
2020,147004121,4,
2020,147004810,6,
2020,147003578,10,
2020,147001498,10,
2020,147003417,9,
2020,148938650,9,
2020,148938665,9,
2020,149051183,1,
2020,139659580,10,
2020,134457191,1,
2020,134457191,6,
2020,139659609,3,
2020,135771236,9,
2020,139663813,1,
2020,136551789,1,
2020,136551795,10,
2020,147004953,9,
2020,147002345,10,
2020,147002577,10,
2020,147200946,10,
2020,147197851,1,
2020,142848953,6,
2020,142848187,6,
2020,142846074,1,
2020,142846585,10,
2020,142848869,1,
2020,147003903,10,
2020,147004902,1,
2020,147201062,9,
2020,146997880,10,
2020,147003353,1,
2020,147003353,9,
2020,147003764,6,
2020,137577387,10,
2020,146997669,9,
2020,147004608,1,
2020,147004139,9,
2020,147005427,1,
2020,147003396,1,
2020,147001361,9,
2020,147004627,10,
2020,139659935,10,
2020,148938578,9,
2020,139660822,10,
2020,139660450,6,
2020,137572674,10,
2020,134457119,1,
2020,139659366,10,
2020,136551591,10,
2020,136552079,10,
2020,136553739,1,
2020,142847065,9,
2020,142849135,1,
2020,147003626,1,
2020,147003761,10,
2020,147005226,10,
2020,142846143,10,
2020,142848863,10,
2020,147197601,3,
2020,142846917,1,
2020,147001730,10,
2020,147000922,1,
2020,147201205,10,
2020,137577247,9,
2020,135770621,6,
2020,135770621,1,
2020,139664640,1,
2020,139660690,1,
2020,139660952,1,
2020,147002969,1,
2020,147001240,10,
2020,142849308,1,
2020,147005195,1,
2020,147001513,10,
2020,147000673,1,
2020,147004486,10,
2020,147000936,10,
2020,147003412,1,
2020,148938688,10,
2020,149050673,9,
2020,142848368,10,
2020,142847214,10,
2020,139664683,10,
2020,137572382,1,
2020,139664459,1,
2020,134456865,1,
2020,139660409,5,
2020,139663834,10,
2020,136553673,1,
2020,136552300,3,
2020,147002195,1,
2020,147004772,10,
2020,142845949,1,
2020,142846267,6,
2020,142846267,1,
2020,142846504,10,
2020,142848329,10,
2020,147201195,10,
2020,142846749,1,
2020,147003886,10,
2020,147005271,1,
2020,147000839,1,
2020,148938499,10,
2020,148938504,10,
2020,148938687,9,
2020,139660208,1,
2020,139659664,10,
2020,139659522,10,
2020,147005036,1,
2020,136551980,10,
2020,147200986,1,
2020,142846160,1,
2020,147000249,10,
2020,147001304,9,
2020,147001966,1,
2020,149050737,1,
2020,142849121,10,
2020,139663751,10,
2020,142847038,10,
2020,142847223,10,
2020,139660480,9,
2020,149050846,9,
2020,142845836,10,
2020,142848624,1,
2020,142846622,9,
2020,147004257,10,
2020,146997877,10,
2020,147005010,10,
2020,147201199,10,
2020,137572599,10,
2020,136553787,1,
2020,137577424,1,
2020,147003003,9,
2020,147003659,10,
2020,147001311,10,
2020,148938557,10,
2020,148938555,10,
2020,142848879,10,
2020,139660271,10,
2020,139659909,4,
2020,139659909,3,
2020,139664642,10,
2020,139660927,10,
2020,139659948,1,
2020,147002100,1,
2020,134457041,10,
2020,134456877,10,
2020,136551527,8,
2020,136551393,1,
2020,147000391,10,
2020,147000842,10,
2020,147004314,10,
2020,147005163,1,
2020,147000615,1,
2020,147000251,1,
2020,142848842,9,
2020,142849030,1,
2020,142846650,10,
2020,147000419,10,
2020,142848993,10,
2020,142849174,10,
2020,147002288,1,
2020,142846236,10,
2020,142848133,10,
2020,142846621,9,
2020,142846266,1,
2020,147000845,10,
2020,147000324,10,
2020,147002183,9,
2020,137572574,10,
2020,135770767,1,
2020,139663766,10,
2020,142849267,10,
2020,147197607,10,
2020,147003641,1,
2020,146997295,9,
2020,147001692,10,
2020,147000639,2,
2020,146997606,10,
2020,146997541,10,
2020,139659330,10,
2020,148938598,10,
2020,139660437,1,
2020,139660693,10,
2020,139659472,1,
2020,135771083,1,
2020,139664565,9,
2020,147002246,9,
2020,142848155,10,
2020,142848507,1,
2020,147001994,1,
2020,142846088,10,
2020,142846153,1,
2020,142846500,10,
2020,142846359,10,
2020,147004969,10,
2020,147000743,1,
2020,147005392,2,
2020,146997569,10,
2020,147004356,1,
2020,147000688,1,
2020,147003810,1,
2020,147002604,10,
2020,137572705,6,
2020,137572447,10,
2020,142847004,10,
2020,142849295,10,
2020,147005276,10,
2020,147000625,1,
2020,147004293,10,
2020,147000638,2,
2020,148938713,10,
2020,149046948,1,
2020,139664037,1,
2020,142849310,1,
2020,148938672,1,
2020,139660520,10,
2020,137572876,9,
2020,139663976,1,
2020,134457192,10,
2020,139663928,10,
2020,139663716,1,
2020,136552134,1,
2020,148938691,10,
2020,148938818,1,
2020,147000840,10,
2020,147002164,10,
2020,142846159,1,
2020,146997306,10,
2020,147003290,9,
2020,147001396,1,
2020,139663967,6,
2020,139659598,1,
2020,139660764,10,
2020,142846360,1,
2020,142846363,10,
2020,147003904,10,
2020,147003895,10,
2020,147004401,6,
2020,142846986,10,
2020,142849232,1,
2020,146997299,10,
2020,147005228,1,
2020,147001525,10,
2020,137572879,10,
2020,139660687,1,
2020,147002124,10,
2020,146997338,6,
2020,147001511,10,
2020,147005334,6,
2020,147003500,10,
2020,147000941,10,
2020,147000943,10,
2020,147003966,10,
2020,147003968,10,
2020,146997428,1,
2020,142848960,1,
2020,142849250,10,
2020,135766649,1,
2020,139660713,10,
2020,139664379,1,
2020,137577449,2,
2020,139660513,1,
2020,139660475,1,
2020,139660888,1,
2020,139663901,1,
2020,136551768,10,
2020,136551900,10,
2020,136551982,10,
2020,136552114,6,
2020,142846520,10,
2020,147004337,10,
2020,147000287,9,
2020,147001590,9,
2020,142849222,9,
2020,147002343,10,
2020,147002602,10,
2020,149047131,1,
2020,142846691,9,
2020,142848631,6,
2020,139659785,1,
2020,142847040,10,
2020,146997589,1,
2020,142846987,10,
2020,149046982,1,
2020,147001816,10,
2020,147002529,9,
2020,137572798,1,
2020,135770789,6,
2020,135770823,1,
2020,142849141,1,
2020,147001029,1,
2020,147003419,1,
2020,147003936,1,
2020,147003039,9,
2020,147003643,1,
2020,147003898,10,
2020,147002184,10,
2020,146997429,1,
2020,142848881,10,
2020,148938513,1,
2020,139659634,10,
2020,137577252,10,
2020,137572676,10,
2020,134457070,10,
2020,134457472,1,
2020,134457606,1,
2020,134457832,10,
2020,139663917,1,
2020,136553811,10,
2020,139659742,1,
2020,139659742,9,
2020,136551635,10,
2020,136551921,10,
2020,136552009,10,
2020,136552135,1,
2020,148938690,10,
2020,147001139,1,
2020,142846935,10,
2020,142847229,10,
2020,139663775,10,
2020,142846936,1,
2020,142847254,10,
2020,142848198,10,
2020,142846003,1,
2020,142848598,10,
2020,142846211,10,
2020,147000437,1,
2020,147002945,9,
2020,146997449,1,
2020,142848883,6,
2020,137577060,6,
2020,137572708,1,
2020,137577253,1,
2020,139663954,10,
2020,142846886,1,
2020,142849078,1,
2020,142847218,1,
2020,142849280,1,
2020,146997343,9,
2020,147003970,1,
2020,147004154,1,
2020,147000329,10,
2020,147000974,8,
2020,147001521,1,
2020,147005221,10,
2020,147003386,10,
2020,147001885,1,
2020,147001302,10,
2020,139664583,10,
2020,142849000,1,
2020,148938943,10,
2020,137576959,1,
2020,139660750,10,
2020,147002133,1,
2020,134456976,1,
2020,134457101,2,
2020,139664618,1,
2020,139664618,6,
2020,139659947,10,
2020,136551593,10,
2020,146997370,1,
2020,147003214,1,
2020,147001780,10,
2020,142846129,17,
2020,147202912,1,
2020,142846933,10,
2020,142846565,10,
2020,142846786,4,
2020,142846717,10,
2020,142848554,1,
2020,147000658,10,
2020,142848211,1,
2020,146997549,9,
2020,147001701,9,
2020,137572889,1,
2020,137577418,9,
2020,139659672,1,
2020,139660242,10,
2020,142848758,1,
2020,147003878,10,
2020,147003987,9,
2020,147001956,6,
2020,147197728,10,
2020,147003388,10,
2020,147004160,9,
2020,146997590,1,
2020,148938480,6,
2020,149051035,10,
2020,139660479,6,
2020,139660730,1,
2020,139664484,1,
2020,137572380,1,
2020,139660326,10,
2020,137577378,10,
2020,134456979,1,
2020,139664435,10,
2020,139660245,10,
2020,135771237,9,
2020,147004854,1,
2020,142848210,1,
2020,147002204,1,
2020,142848275,10,
2020,149047031,1,
2020,142845970,10,
2020,142848193,10,
2020,142846759,10,
2020,147202929,1,
2020,142849261,1,
2020,149046922,10,
2020,142846421,10,
2020,142848200,10,
2020,142845998,1,
2020,142848486,10,
2020,142847128,1,
2020,142847158,1,
2020,147003258,9,
2020,147003261,9,
2020,149051202,9,
2020,147000804,10,
2020,147001168,1,
2020,146997835,10,
2020,147001137,6,
2020,136551432,10,
2020,142848955,9,
2020,142847049,9,
2020,142849246,10,
2020,148938599,8,
2020,139660305,10,
2020,139659825,1,
2020,139664236,1,
2020,134456848,9,
2020,139664253,1,
2020,135771164,1,
2020,147000843,10,
2020,142846523,10,
2020,147001554,10,
2020,147005452,10,
2020,147004248,10,
2020,147004947,10,
2020,142846145,1,
2020,142848502,10,
2020,147202917,1,
2020,142849220,1,
2020,142846779,4,
2020,147001026,10,
2020,142847148,1,
2020,142845997,10,
2020,147001315,1,
2020,142845975,1,
2020,147003724,5,
2020,137572556,9,
2020,142846752,1,
2020,147005426,10,
2020,147003498,10,
2020,146997240,6,
2020,147000945,10,
2020,147005402,1,
2020,147002517,1,
2020,146997601,10,
2020,139663808,10,
2020,139659865,1,
2020,134462985,1,
2020,139659794,10,
2020,137577263,10,
2020,147002567,1,
2020,134457351,9,
2020,139664473,10,
2020,136551883,8,
2020,136552077,10,
2020,136552196,1,
2020,148938468,1,
2020,148938935,1,
2020,147003943,1,
2020,147001261,1,
2020,142849224,10,
2020,147001965,1,
2020,149050902,9,
2020,149050694,9,
2020,142848867,10,
2020,139663829,9,
2020,149046923,10,
2020,147004783,1,
2020,142846505,10,
2020,147000301,10,
2020,142846831,1,
2020,147004588,10,
2020,147003725,10,
2020,148938928,8,
2020,137576978,1,
2020,135770724,1,
2020,135770841,10,
2020,142849191,1,
2020,147004256,1,
2020,147004739,1,
2020,146997349,1,
2020,147005463,1,
2020,146997242,10,
2020,147004350,10,
2020,148938892,3,
2020,142846366,6,
2020,142849139,10,
2020,139660824,10,
2020,137577188,1,
2020,139659841,1,
2020,142846640,10,
2020,134457077,10,
2020,134457159,1,
2020,134457787,10,
2020,139663817,10,
2020,135771107,9,
2020,136551666,10,
2020,136552197,10,
2020,136551377,1,
2020,147004309,10,
2020,147001916,1,
2020,147000250,1,
2020,147004383,1,
2020,142848997,10,
2020,142848951,1,
2020,142849315,10,
2020,149050796,1,
2020,147005011,1,
2020,142846907,1,
2020,146997476,1,
2020,147003053,10,
2020,146997329,10,
2020,147005128,1,
2020,147002532,9,
2020,147002627,10,
2020,149047165,1,
2020,137577420,10,
2020,135770771,10,
2020,139663955,10,
2020,139664006,1,
2020,147000540,10,
2020,147004489,2,
2020,147002150,9,
2020,147001123,1,
2020,139659972,10,
2020,139660691,10,
2020,137572559,1,
2020,137572371,10,
2020,139660270,9,
2020,139660571,9,
2020,139664536,5,
2020,139660423,1,
2020,135771066,1,
2020,147001401,4,
2020,142848156,10,
2020,142848279,1,
2020,142846525,10,
2020,147001537,1,
2020,147001449,10,
2020,142845960,10,
2020,142847219,10,
2020,142846724,10,
2020,146997760,1,
2020,147004344,1,
2020,147000369,10,
2020,137577212,6,
2020,147004944,9,
2020,147004806,9,
2020,148938509,10,
2020,139663810,10,
2020,139659656,1,
2020,139664774,6,
2020,148938646,1,
2020,148938741,10,
2020,148938942,10,
2020,137577020,1,
2020,137577394,1,
2020,137572697,10,
2020,139660747,10,
2020,139664365,1,
2020,139660314,10,
2020,139660609,10,
2020,142846276,1,
2020,134457339,1,
2020,139663929,10,
2020,139659599,4,
2020,139659781,1,
2020,139660059,10,
2020,136551785,10,
2020,136551969,1,
2020,136552174,6,
2020,148938543,10,
2020,147003769,10,
2020,142846141,10,
2020,142849266,1,
2020,147002581,10,
2020,139659571,1,
2020,142848199,10,
2020,142846648,1,
2020,147000430,10,
2020,147004047,1,
2020,146997342,10,
2020,147004274,10,
2020,147002180,9,
2020,142846630,1,
2020,147003499,10,
2020,147001861,2,
2020,147202903,10,
2020,147002592,9,
2020,148938507,10,
2020,142848784,1,
2020,148938692,1,
2020,139664038,2,
2020,137577023,1,
2020,137572550,10,
2020,137572699,10,
2020,139664436,10,
2020,139663728,10,
2020,139660659,10,
2020,139660778,10,
2020,135771088,10,
2020,136551891,9,
2020,136552209,1,
2020,148938907,9,
2020,142848159,10,
2020,142845947,1,
2020,142846506,10,
2020,147003648,1,
2020,147202940,10,
2020,142846203,10,
2020,142848483,1,
2020,147004126,1,
2020,137572367,1,
2020,139660241,10,
2020,147000529,10,
2020,147001228,10,
2020,147003072,10,
2020,147001940,1,
2020,147003804,10,
2020,146997290,4,
2020,146997851,1,
2020,139663973,10,
2020,139660257,1,
2020,139660275,10,
2020,142849150,1,
2020,135766624,10,
2020,139659971,10,
2020,139660126,1,
2020,139659372,6,
2020,139659372,1,
2020,139664704,10,
2020,137577383,9,
2020,137577385,9,
2020,134457633,10,
2020,136551569,1,
2020,147002157,9,
2020,147001161,1,
2020,142849085,10,
2020,142849301,10,
2020,142849154,1,
2020,147000297,9,
2020,147200721,10,
2020,147202915,1,
2020,139664184,1,
2020,142849314,10,
2020,139664841,6,
2020,142848290,10,
2020,142846472,1,
2020,142848351,10,
2020,142849019,1,
2020,146997740,1,
2020,147203052,10,
2020,147000263,1,
2020,139664007,1,
2020,142847232,10,
2020,147000931,9,
2020,147003205,10,
2020,142849016,10,
2020,146997586,10,
2020,147004990,10,
2020,147003737,10,
2020,147000988,8,
2020,147000915,10,
2020,148938660,9,
2020,149050721,10,
2020,136551435,10,
2020,139663785,1,
2020,137577189,1,
2020,137572874,9,
2020,147003594,1,
2020,134457524,10,
2020,139660255,10,
2020,139663964,9,
2020,136553833,10,
2020,135771174,2,
2020,135771238,9,
2020,149046884,9,
2020,147000575,1,
2020,147003645,10,
2020,147001221,10,
2020,142848745,1,
2020,149046933,2,
2020,147002097,1,
2020,142846154,1,
2020,142847070,10,
2020,142848616,8,
2020,146997666,1,
2020,147203055,10,
2020,135770619,1,
2020,135770687,10,
2020,135770917,10,
2020,147003315,10,
2020,147004048,1,
2020,147004808,9,
2020,147003387,10,
2020,147197528,10,
2020,147004581,1,
2020,148938648,10,
2020,136551430,10,
2020,139660441,6,
2020,142849142,10,
2020,139659792,10,
2020,137577235,10,
2020,137577377,10,
2020,139660749,10,
2020,139659901,1,
2020,137572679,10,
2020,147002249,9,
2020,134457410,1,
2020,139663838,10,
2020,135771172,10,
2020,139664714,1,
2020,136551540,6,
2020,147002162,10,
2020,147001444,6,
2020,147004900,10,
2020,149047263,1,
2020,147004946,10,
2020,142849075,10,
2020,147200985,4,
2020,142849126,1,
2020,147002379,10,
2020,142848607,10,
2020,142846330,1,
2020,147000299,3,
2020,142849017,10,
2020,142847027,1,
2020,147004579,1,
2020,137577229,6,
2020,139664366,1,
2020,142849304,10,
2020,142849157,1,
2020,147004737,10,
2020,147004214,10,
2020,147004685,10,
2020,146997523,1,
2020,148938888,3,
2020,142848656,1,
2020,139659507,1,
2020,139664533,10,
2020,139664385,10,
2020,139664648,10,
2020,139659367,10,
2020,139660638,10,
2020,137577178,1,
2020,137577266,10,
2020,139664121,1,
2020,139664539,5,
2020,139660773,10,
2020,136553809,6,
2020,135771295,1,
2020,136551751,10,
2020,147001720,9,
2020,142846451,10,
2020,142846031,10,
2020,142848224,10,
2020,142849044,10,
2020,142846146,1,
2020,147003912,6,
2020,142848861,10,
2020,142846919,10,
2020,139664444,6,
2020,142848984,9,
2020,142849198,10,
2020,142846210,1,
2020,142848479,1,
2020,142848764,10,
2020,147000302,10,
2020,142849048,1,
2020,142846007,1,
2020,142848208,1,
2020,142846042,1,
2020,137577303,10,
2020,135770705,1,
2020,147000912,1,
2020,147001756,10,
2020,147201123,9,
2020,147002110,1,
2020,146997456,1,
2020,146997700,1,
2020,147002994,10,
2020,139664684,1,
2020,142849193,9,
2020,139660959,8,
2020,139659631,10,
2020,139664215,1,
2020,139660265,1,
2020,137572886,10,
2020,137572461,10,
2020,137577292,1,
2020,139660124,6,
2020,134457540,10,
2020,134457785,1,
2020,139663727,10,
2020,139660936,6,
2020,136552080,10,
2020,136552142,10,
2020,136552171,1,
2020,147001879,10,
2020,148938847,1,
2020,147000786,1,
2020,147003823,1,
2020,147001882,1,
2020,147197792,10,
2020,147004234,1,
2020,142849093,10,
2020,147001657,9,
2020,149047284,1,
2020,147002576,10,
2020,147201086,1,
2020,139664395,10,
2020,142849049,10,
2020,147001418,10,
2020,147004642,10,
2020,142846036,2,
2020,147000326,10,
2020,147000362,10,
2020,137577239,9,
2020,135770927,1,
2020,142847240,9,
2020,147003728,10,
2020,147004521,10,
2020,147003741,10,
2020,147005266,1,
2020,147003446,1,
2020,146997236,10,
2020,147005333,1,
2020,147002428,10,
2020,147005087,1,
2020,148938898,3,
2020,136553789,10,
2020,142847051,9,
2020,142849247,10,
2020,148938729,6,
2020,137572415,10,
2020,137572768,10,
2020,139664358,1,
2020,147002078,10,
2020,139664407,1,
2020,139664023,10,
2020,136551661,10,
2020,136552089,1,
2020,136552091,1,
2020,142848157,10,
2020,142848568,6,
2020,142848845,6,
2020,147001447,10,
2020,142849045,10,
2020,142847226,10,
2020,149050893,10,
2020,142846615,1,
2020,142847103,9,
2020,142847098,9,
2020,147201093,10,
2020,142848992,10,
2020,139664573,9,
2020,142846501,10,
2020,142846508,1,
2020,142846778,4,
2020,142848892,4,
2020,142846357,1,
2020,147002001,9,
2020,142849022,10,
2020,147000367,10,
2020,147003791,1,
2020,135770842,10,
2020,139659362,10,
2020,142846896,1,
2020,147001683,10,
2020,147001464,6,
2020,147197539,1,
2020,147001573,1,
2020,147203007,10,
2020,146997822,10,
2020,142847203,10,
2020,139660375,1,
2020,137572383,1,
2020,137572884,10,
2020,137572698,10,
2020,139664422,1,
2020,134457044,1,
2020,134457188,10,
2020,139664557,9,
2020,139664144,1,
2020,139660776,10,
2020,139659951,10,
2020,136551771,10,
2020,136551831,10,
2020,136552018,10,
2020,147003640,10,
2020,147004882,1,
2020,142848223,10,
2020,147005098,10,
2020,142847204,1,
2020,142848143,10,
2020,142847074,10,
2020,147000420,10,
2020,142847035,1,
2020,139664282,9,
2020,149050844,9,
2020,147001027,10,
2020,147000390,1,
2020,147004919,1,
2020,146997876,10,
2020,147003563,1,
2020,147201201,10,
2020,137577019,1,
2020,147002521,1,
2020,146997322,1,
2020,147002475,6,
2020,147003510,9,
2020,147003742,10,
2020,147004400,9,
2020,147001613,10,
2020,147005224,1,
2020,149050767,1,
2020,142848679,1,
2020,139664018,9,
2020,142848985,1,
2020,134462960,10,
2020,139660634,10,
2020,137576956,1,
2020,139660165,1,
2020,139664356,2,
2020,135770398,6,
2020,135771234,10,
2020,136551753,10,
2020,149046990,10,
2020,142847151,10,
2020,147197780,1,
2020,142848276,1,
2020,147001842,9,
2020,139664150,1,
2020,149046925,10,
2020,147000813,10,
2020,142846527,1,
2020,142848369,1,
2020,142846906,10,
2020,147003260,9,
2020,147000319,10,
2020,147001725,1,
2020,147004711,9,
2020,147001908,1,
2020,147001715,3,
2020,147201202,10,
2020,148938770,10,
2020,148938772,10,
2020,147000368,10,
2020,147003571,9,
2020,135770615,10,
2020,142846751,1,
2020,147001687,10,
2020,147000949,10,
2020,146997284,10,
2020,147001609,10,
2020,147001755,1,
2020,136551429,10,
2020,139664419,10,
2020,139660804,1,
2020,142846874,1,
2020,139660684,1,
2020,139660684,6,
2020,137577005,6,
2020,137577175,1,
2020,139659346,1,
2020,139659332,9,
2020,134457029,10,
2020,134457190,10,
2020,134457539,10,
2020,139664472,10,
2020,139659635,1,
2020,136553719,1,
2020,136551902,9,
2020,147003644,10,
2020,147003642,10,
2020,147004219,1,
